<?xml version="1.0"?>
<Runs Version="1" Minor="0">
	<Run Id="i2c_buzz_processing_system7_0_0_synth_1" LaunchDir="C:/Users/invitado1/Desktop/I2C_BUZZER/I2C_BUZZER.runs/i2c_buzz_processing_system7_0_0_synth_1" FlowId="Vivado_Synthesis" FromStepId="vivado" ToStepId="vivado"/>
	<Run Id="i2c_buzz_rst_ps7_0_50M_0_synth_1" LaunchDir="C:/Users/invitado1/Desktop/I2C_BUZZER/I2C_BUZZER.runs/i2c_buzz_rst_ps7_0_50M_0_synth_1" FlowId="Vivado_Synthesis" FromStepId="vivado" ToStepId="vivado"/>
	<Run Id="i2c_buzz_axi_iic_0_0_synth_1" LaunchDir="C:/Users/invitado1/Desktop/I2C_BUZZER/I2C_BUZZER.runs/i2c_buzz_axi_iic_0_0_synth_1" FlowId="Vivado_Synthesis" FromStepId="vivado" ToStepId="vivado"/>
	<Run Id="i2c_buzz_auto_pc_0_synth_1" LaunchDir="C:/Users/invitado1/Desktop/I2C_BUZZER/I2C_BUZZER.runs/i2c_buzz_auto_pc_0_synth_1" FlowId="Vivado_Synthesis" FromStepId="vivado" ToStepId="vivado"/>
	<Run Id="i2c_buzz_BUZZER_0_0_synth_1" LaunchDir="C:/Users/invitado1/Desktop/I2C_BUZZER/I2C_BUZZER.runs/i2c_buzz_BUZZER_0_0_synth_1" FlowId="Vivado_Synthesis" FromStepId="vivado" ToStepId="vivado"/>
	<Run Id="synth_1" LaunchDir="C:/Users/invitado1/Desktop/I2C_BUZZER/I2C_BUZZER.runs/synth_1" FlowId="Vivado_Synthesis" FromStepId="vivado" ToStepId="vivado">
		<Parent Id="i2c_buzz_processing_system7_0_0_synth_1"/>
		<Parent Id="i2c_buzz_rst_ps7_0_50M_0_synth_1"/>
		<Parent Id="i2c_buzz_axi_iic_0_0_synth_1"/>
		<Parent Id="i2c_buzz_auto_pc_0_synth_1"/>
		<Parent Id="i2c_buzz_BUZZER_0_0_synth_1"/>
	</Run>
	<Run Id="impl_1" LaunchDir="C:/Users/invitado1/Desktop/I2C_BUZZER/I2C_BUZZER.runs/impl_1" FlowId="Vivado_Implementation" FromStepId="init_design" ToStepId="write_bitstream">
		<Parent Id="synth_1"/>
		<Parent Id="i2c_buzz_processing_system7_0_0_synth_1"/>
		<Parent Id="i2c_buzz_rst_ps7_0_50M_0_synth_1"/>
		<Parent Id="i2c_buzz_axi_iic_0_0_synth_1"/>
		<Parent Id="i2c_buzz_auto_pc_0_synth_1"/>
		<Parent Id="i2c_buzz_BUZZER_0_0_synth_1"/>
	</Run>
	<Parameters>
		<Parameter Name="runs.monitorLSFJobs" Val="true" Type="bool"/>
		<Parameter Name="runs.enableClusterConf" Val="true" Type="bool"/>
	</Parameters>
</Runs>

