<?xml version="1.0" encoding="UTF-8"?>
<GenRun Id="synth_1" LaunchPart="xc7z010clg400-1" LaunchTime="1700195952">
  <File Type="PA-TCL" Name="i2c_buzz_wrapper.tcl"/>
  <File Type="RDS-PROPCONSTRS" Name="i2c_buzz_wrapper_drc_synth.rpt"/>
  <File Type="REPORTS-TCL" Name="i2c_buzz_wrapper_reports.tcl"/>
  <File Type="RDS-RDS" Name="i2c_buzz_wrapper.vds"/>
  <File Type="RDS-UTIL" Name="i2c_buzz_wrapper_utilization_synth.rpt"/>
  <File Type="RDS-UTIL-PB" Name="i2c_buzz_wrapper_utilization_synth.pb"/>
  <File Type="RDS-DCP" Name="i2c_buzz_wrapper.dcp"/>
  <File Type="VDS-TIMINGSUMMARY" Name="i2c_buzz_wrapper_timing_summary_synth.rpt"/>
  <File Type="VDS-TIMING-PB" Name="i2c_buzz_wrapper_timing_summary_synth.pb"/>
  <FileSet Name="sources" Type="DesignSrcs" RelSrcDir="$PSRCDIR/sources_1">
    <Filter Type="Srcs"/>
    <File Path="$PSRCDIR/sources_1/new/BUZZER.vhd">
      <FileInfo>
        <Attr Name="UsedIn" Val="synthesis"/>
        <Attr Name="UsedIn" Val="simulation"/>
      </FileInfo>
    </File>
    <File Path="$PSRCDIR/sources_1/bd/i2c_buzz/i2c_buzz.bd">
      <FileInfo>
        <Attr Name="UsedIn" Val="synthesis"/>
        <Attr Name="UsedIn" Val="implementation"/>
        <Attr Name="UsedIn" Val="simulation"/>
      </FileInfo>
    </File>
    <File Path="$PSRCDIR/sources_1/bd/i2c_buzz/hdl/i2c_buzz_wrapper.v">
      <FileInfo>
        <Attr Name="UsedIn" Val="synthesis"/>
        <Attr Name="UsedIn" Val="implementation"/>
        <Attr Name="UsedIn" Val="simulation"/>
      </FileInfo>
    </File>
    <Config>
      <Option Name="DesignMode" Val="RTL"/>
      <Option Name="TopModule" Val="i2c_buzz_wrapper"/>
      <Option Name="TopAutoSet" Val="TRUE"/>
    </Config>
  </FileSet>
  <FileSet Name="constrs_in" Type="Constrs" RelSrcDir="$PSRCDIR/constrs_1">
    <Filter Type="Constrs"/>
    <File Path="$PSRCDIR/constrs_1/imports/I2C_BUZZER/Zybo-Z7-Master.xdc">
      <FileInfo>
        <Attr Name="ImportPath" Val="$PPRDIR/Zybo-Z7-Master.xdc"/>
        <Attr Name="ImportTime" Val="1699479165"/>
        <Attr Name="UsedIn" Val="synthesis"/>
        <Attr Name="UsedIn" Val="implementation"/>
      </FileInfo>
    </File>
    <Config>
      <Option Name="ConstrsType" Val="XDC"/>
    </Config>
  </FileSet>
  <FileSet Name="utils" Type="Utils" RelSrcDir="$PSRCDIR/utils_1">
    <Filter Type="Utils"/>
    <Config>
      <Option Name="TopAutoSet" Val="TRUE"/>
    </Config>
  </FileSet>
  <Strategy Version="1" Minor="2">
    <StratHandle Name="Vivado Synthesis Defaults" Flow="Vivado Synthesis 2020">
      <Desc>Vivado Synthesis Defaults</Desc>
    </StratHandle>
    <Step Id="synth_design"/>
  </Strategy>
  <BlockFileSet Type="BlockSrcs" Name="i2c_buzz_auto_pc_0"/>
  <BlockFileSet Type="BlockSrcs" Name="i2c_buzz_processing_system7_0_0"/>
  <BlockFileSet Type="BlockSrcs" Name="i2c_buzz_rst_ps7_0_50M_0"/>
  <BlockFileSet Type="BlockSrcs" Name="i2c_buzz_BUZZER_0_0"/>
  <BlockFileSet Type="BlockSrcs" Name="i2c_buzz_axi_iic_0_0"/>
</GenRun>
